TIMESLICE,Kootenay Boundary_1,CF_mean
NA,0.23033788057798757,0.23033788057798757
