TIMESLICE,Central Okanagan_1,CF_mean
NA,0.22824686224058416,0.22824686224058416
