TIMESLICE,Skeena-Queen Charlotte_1,CF_mean
NA,0.5488949903365664,0.5488949903365664
