cluster_id,Region,Region_ID,Cluster_No,capex,potential_capacity,CF_mean,p_lcoe,Site_ID
East Kootenay_1,East Kootenay,16,1,1.3234000000000001,460.2303909453429,0.4898292772039527,3.2320990179047877,1
Kitimat-Stikine_1,Kitimat-Stikine,4,1,1.3234000000000001,1965.3031549513935,0.5311540442466401,3.217799138837216,2
Stikine_1,Stikine,2,1,1.3234000000000001,1860.1755757598573,0.5144956166101335,3.2138501056841804,3
Fraser-Fort George_1,Fraser-Fort George,6,1,1.3234000000000001,714.2908783434059,0.5448454835643969,3.2063774100899423,4
