cluster_id,Region,Region_ID,Cluster_No,capex,potential_capacity,CF_mean,p_lcoe,Site_ID
East Kootenay_1,East Kootenay,16,1,1.3234000000000001,422.3393687894053,0.49790290826697,3.3167336527505986,1
Fraser-Fort George_1,Fraser-Fort George,6,1,1.3234000000000001,2824.328282127573,0.5408496644119212,3.271766592453989,2
Peace River_1,Peace River,3,1,1.3234000000000001,1753.3323490830217,0.5257190345345311,3.206189986999864,3
