TIMESLICE,Okanagan-Similkameen_1,CF_mean
NA,0.2357305726175891,0.2357305726175891
