TIMESLICE,East Kootenay_1,CF_mean
NA,0.23630203843628325,0.23630203843628325
